img,output,flag,username,timestamp
/Users/conan/Desktop/codes/learn_gradio/flagged/img/tmpcohew36t.png,,,,2022-11-01 20:32:43.328700
/Users/conan/Desktop/codes/learn_gradio/flagged/img/tmp5ix7bkfj.png,,,,2022-11-01 20:32:44.457723
/Users/conan/Desktop/codes/learn_gradio/flagged/img/tmp1zfzv1k9.png,,,,2022-11-01 20:32:44.649012
/Users/conan/Desktop/codes/learn_gradio/flagged/img/tmp0fk30ygh.png,,,,2022-11-01 20:32:44.863184
/Users/conan/Desktop/codes/learn_gradio/flagged/img/tmp7rf24_3l.png,,,,2022-11-01 20:32:47.284702
/Users/conan/Desktop/codes/learn_gradio/flagged/img/tmpd7tfp0cy.png,,,,2022-11-01 20:32:47.475016
/Users/conan/Desktop/codes/learn_gradio/flagged/img/tmpzo42s2ao.png,,,,2022-11-01 20:32:47.648933
/Users/conan/Desktop/codes/learn_gradio/flagged/img/tmpa_z2yk4m.png,,,,2022-11-01 20:32:47.841887
/Users/conan/Desktop/codes/learn_gradio/flagged/img/tmpq67rxk7l.png,,,,2022-11-01 20:32:55.404942
/Users/conan/Desktop/codes/learn_gradio/flagged/img/tmpkemli9x3.png,,,,2022-11-01 20:32:55.587637
/Users/conan/Desktop/codes/learn_gradio/flagged/img/tmpkklmwfme.png,,,,2022-11-01 20:32:55.800712
/Users/conan/Desktop/codes/learn_gradio/flagged/img/tmpd8gxv7zo.png,,,,2022-11-01 20:33:01.393285
